shot_id,label_frame,shot_frame,frame_diff,side,true_stroke,true_class_id,predicted_class_id,predicted_confidence,is_rule_based,logits,label_status,source
,6,6,0,far,lift,4,0,0.6121538095307054,True,"[3.618443952402822, -2.12176635498705, 1.9072377286927709, -0.46029208734558336, 0.7909289834406776, 0.23175925420212917, 0.9529994624094908, -0.5982851687036446, -0.8840899355900911, 4.1175772429733195, -1.0921326426630906, -2.226899103261273, 0.9969315787577497, -0.6531396473523483, -0.8276144967593502, 0.020334968621079086, 0.2577713414831188, -1.4341887073681103, -1.4203753638896652, -1.2752161107169673, -0.20787224547639788, 2.9691264499604078, -1.0813767726056063, -1.6613842007607893, -0.5353942008124517]",labeled,manual
,47,42,5,far,cross_court,10,2,0.3935446249190912,False,"[2.6163229807231345, -2.263054277846242, 3.4850228630082616, -0.34411551192329637, -0.9450584414097862, 0.33245516227173977, 3.2419460909800475, -0.6609384867511681, 0.43490524215572807, 1.3823400021819983, -0.7483262566691332, -1.8365953722966122, -0.3550311068272722, -0.7081770266171799, 0.4977715506039311, -0.19824980730360353, -2.2988825753526663, -0.8667951660320508, -1.3776342440280624, -1.040673204432635, -1.2223247029043764, 0.5104602445542187, -1.3517594749562227, -1.940987682053514, -1.4596663804160284]",labeled,manual
,72,59,13,far,block,2,4,0.2583759185511563,False,"[2.3491577967021384, -0.9285474681347857, 0.15873672590422716, -1.1865738494686913, 2.4409449336436193, -0.4001740772874338, -1.4287390811009462, -0.7570478770099571, -0.49597679453021554, 1.7491099120407019, 0.39756058176699355, -1.8255223790181088, 0.5201425066017973, 0.28460717548166664, -0.6327728734530758, 1.2022754943912664, 1.7510625406904248, -0.7683750229046094, -1.4261524248752304, -1.2821000895606562, 0.4531741700910002, 0.8064658512055248, -1.152205508434006, -0.5433739182443097, -0.11236671520339717]",labeled,manual
,86,98,12,near,rush,21,4,0.2632741120129169,False,"[1.402398095926992, -1.7348771357029924, 0.30003454313445177, -0.8415200574688744, 2.582385802021305, 0.41718654738354854, -1.13666094370318, -1.4057004007659843, -1.4457557089818147, 0.3343832374839698, 0.05885402878466321, -1.555847243405621, 0.6117294093394148, 0.6809614335421219, -1.297347496560986, 1.3583672142570653, 2.4433116003675486, -0.3530407982036816, -1.7722918558749863, -0.7336821637260005, 1.3298244736932188, -0.025803996187511058, -1.242855709277817, -0.21884471745199707, 0.5224636106385065]",labeled,manual
,137,139,2,near,long_serve,24,0,0.6670364591631611,True,"[3.867897020182363, -3.3658776545018205, 1.5425294540898808, -1.3030197484783959, 0.03200521444348525, -1.4434963424355967, 0.42902790479230335, -1.690116897519677, -0.4149811156285432, 2.7583507777480993, -1.239765956795781, -1.7718547144902157, 0.08862879479168534, -0.44586157451833336, 0.27657877344710124, 0.40927506452256834, 1.705753712336543, -0.5430924730465161, -0.7932569552097031, -1.673527606497912, 0.7083841226838499, 2.4733772148072095, -0.7267560178868258, -2.0105734822244123, -0.15328630221950282]",labeled,manual
,182,204,22,far,clear,5,4,0.2040447717259926,False,"[2.266897426447622, -2.394108917662526, 0.8955606274383077, -0.43534514442013017, 2.2733866212275426, 0.8128669302313345, -0.5972563726468141, -1.3557993325553825, -2.3382136710179475, 1.2926803113250647, -0.44999007860478685, -1.8862946787846493, 1.5754447838091719, -0.038904037582527085, 0.8706253661595036, 0.9581696636026541, 0.06496038881969718, 0.34320573638227114, -1.6979326773318955, -0.5642422518836543, 0.8957554362557798, 1.3893489707886548, -0.14262450882119768, 0.004384064963392942, 1.0161602406395747]",labeled,manual
,228,239,11,near,drop,19,0,0.6174987532320141,True,"[3.4871015413615623, -0.1262226962536822, 0.577112873651267, -1.325895176678164, 0.5011724767592354, -0.23413681580138035, -1.0474626524014528, -1.6734112653098991, 0.10083485765331718, 0.5298886777191077, 0.8021069618100233, -2.4490189114582943, 0.05636068785427689, 0.731120887887825, -1.4773869023837398, 0.23486954932862913, -0.18507895024585458, -0.3020036058590161, -1.3318084049853989, -1.305377133856921, 1.058306600882855, 1.200586544412312, -0.8311932499043428, -0.812410688111253, -0.8568455071555303]",labeled,manual
,257,239,18,far,cross_court,10,0,0.6174987532320141,True,"[3.4871015413615623, -0.1262226962536822, 0.577112873651267, -1.325895176678164, 0.5011724767592354, -0.23413681580138035, -1.0474626524014528, -1.6734112653098991, 0.10083485765331718, 0.5298886777191077, 0.8021069618100233, -2.4490189114582943, 0.05636068785427689, 0.731120887887825, -1.4773869023837398, 0.23486954932862913, -0.18507895024585458, -0.3020036058590161, -1.3318084049853989, -1.305377133856921, 1.058306600882855, 1.200586544412312, -0.8311932499043428, -0.812410688111253, -0.8568455071555303]",labeled,manual
,276,292,16,near,net_shot,13,16,0.5279365327239949,False,"[2.552330957255117, -1.9809143804997453, 1.8410293661134252, -1.3877338035397362, 1.2804187176134987, -0.9870535094888193, -0.7774381739659364, -1.8287872227989128, -1.3994464762700227, -0.09785534131241691, -0.8878435639506274, -1.0020395079625057, 0.15945505702732682, -1.3168318832990036, -0.08034427028077351, 0.5355687833374182, 3.74640646425915, -0.318688257233833, -0.954974131647081, -1.0903489670859858, 1.6959049962304502, -0.07203031883842048, -0.5409751946560823, -0.7563539502114728, -0.3322251231776403]",labeled,manual
,371,350,21,far,long_serve,12,13,0.4628120280426638,False,"[0.481248603663198, -1.2449373864621172, -1.0534943737013331, -0.7337427599720787, 1.4933017728236122, -0.27572917534422703, -1.2074172002835328, -0.7110844257436684, -1.6233943589223054, 2.4961935759811316, 0.15833102186861708, -1.7767025986683773, 1.9741192718767988, 3.2683021460894244, -2.995284746698315, 1.1781168973987737, 1.3408345266981152, -0.2548429804012524, -0.6250052470597931, -1.5555698952781245, -0.7996730543829531, 2.7781326641022535, 1.1584615295298613, -2.311919784256883, -0.44873822642432915]",labeled,manual
,408,350,58,near,drop,19,13,0.4628120280426638,False,"[0.481248603663198, -1.2449373864621172, -1.0534943737013331, -0.7337427599720787, 1.4933017728236122, -0.27572917534422703, -1.2074172002835328, -0.7110844257436684, -1.6233943589223054, 2.4961935759811316, 0.15833102186861708, -1.7767025986683773, 1.9741192718767988, 3.2683021460894244, -2.995284746698315, 1.1781168973987737, 1.3408345266981152, -0.2548429804012524, -0.6250052470597931, -1.5555698952781245, -0.7996730543829531, 2.7781326641022535, 1.1584615295298613, -2.311919784256883, -0.44873822642432915]",labeled,manual
,425,480,55,far,net_shot,1,3,0.2386933758537606,False,"[-0.25975514809156275, -2.2567619347065935, 0.9945959054009923, 2.010147942752378, 0.9063214597609444, -0.8030999858529551, -0.09116066523027966, -0.8738801631294182, 0.6352994851576659, 3.7218400718002234, -0.6318806556826525, -1.9372400799763607, 0.3447590132975447, -0.8250851000424728, 1.102457453199451, 0.35006494289094603, 0.6567411705656078, 0.32168813179280886, -0.8634720612201401, -1.6456110558616206, 0.12745597584470808, 1.5393614639221997, 0.2740189020998991, -1.192778384396501, -0.7902085275756048]",labeled,manual
,457,480,23,near,lift,16,3,0.2386933758537606,False,"[-0.25975514809156275, -2.2567619347065935, 0.9945959054009923, 2.010147942752378, 0.9063214597609444, -0.8030999858529551, -0.09116066523027966, -0.8738801631294182, 0.6352994851576659, 3.7218400718002234, -0.6318806556826525, -1.9372400799763607, 0.3447590132975447, -0.8250851000424728, 1.102457453199451, 0.35006494289094603, 0.6567411705656078, 0.32168813179280886, -0.8634720612201401, -1.6456110558616206, 0.12745597584470808, 1.5393614639221997, 0.2740189020998991, -1.192778384396501, -0.7902085275756048]",labeled,manual
,495,480,15,far,cross_court,10,3,0.2386933758537606,False,"[-0.25975514809156275, -2.2567619347065935, 0.9945959054009923, 2.010147942752378, 0.9063214597609444, -0.8030999858529551, -0.09116066523027966, -0.8738801631294182, 0.6352994851576659, 3.7218400718002234, -0.6318806556826525, -1.9372400799763607, 0.3447590132975447, -0.8250851000424728, 1.102457453199451, 0.35006494289094603, 0.6567411705656078, 0.32168813179280886, -0.8634720612201401, -1.6456110558616206, 0.12745597584470808, 1.5393614639221997, 0.2740189020998991, -1.192778384396501, -0.7902085275756048]",labeled,manual
,522,517,5,near,net_shot,13,0,0.6545877168325378,True,"[3.9675917490336814, -0.7799753212422381, 1.683558961011649, 0.4575063125796486, 0.06449689840344619, -0.07901748611044712, 0.8033989565806334, -0.9052659127078941, 1.27280462903851, 1.2253426791458044, -0.38619621077832506, -1.3580098906529354, 0.1455121895098555, -1.3528267706509933, 1.4488453759632756, 0.17481184964830077, -0.42596495302486154, -0.8137527542278515, -1.4056279230746933, -0.9608531675445124, -1.2729600407339663, -1.3303100000441699, -1.9355256969563448, -0.0021055993527844263, 0.2789741365803553]",labeled,manual
,548,549,1,far,lift,4,0,0.9388134824663802,True,"[5.665669427714102, -1.5191467070073137, 1.0287239454762944, -1.2642524106793236, -0.013038164624889381, -0.6768574674279673, -0.18824506826830456, -0.8843668255172661, 0.46600831670635673, 2.618385005119315, -0.6433963326579027, -2.753726438618939, 0.7605011721873152, -1.106576260435234, -0.9007926688708614, 0.5654977059906164, -0.2822592869596455, -0.7352142172023999, -1.4986966419849106, -0.7864589772330806, -0.1503414549089998, 1.612292276757893, -1.9676937276951754, 0.5831029656439349, 0.23275031732452642]",labeled,manual
,595,590,5,near,clear,17,0,0.8253446475566617,True,"[4.715238557657949, -2.446951892325307, 2.0621376834886083, -1.9004391296200585, -1.0889763596150475, -0.441970105901478, 0.7167383330302184, -1.4417807015739372, -0.8885104544652132, 2.1466476203231726, -0.7265992907648974, -2.3769210139286923, 0.9392508825087416, -0.8436235750790939, 1.3794884278259922, -0.020546128695662857, -1.3286672547655078, -0.9620705681011426, -1.8235562611255356, -1.4156797013389155, -0.25154751913324297, 2.993715273278889, -0.8166870886914217, -0.7676405069322064, -0.5138270349608587]",labeled,manual
,642,640,2,far,clear,5,0,0.44298275757037225,True,"[2.666753278574697, -2.5344779753178606, 1.216351588823081, -0.2417254964254927, -0.21487042928667832, -0.5246406753213388, -1.097492824272638, -0.2927319559417656, -0.7217664607060579, 5.468011069419853, -1.1491199282771043, -2.4661302128804135, 0.6979612370753157, 0.3062721227530137, 0.2390805377445866, 0.45549733405763304, -0.29201334865855905, -0.1461916999981152, -0.6126539278659531, -1.8418431363212153, -0.8801989890791506, 2.1143336166321607, -0.2822358722321474, -1.5166048762292341, -0.5475935728655981]",labeled,manual
,689,691,2,near,clear,17,12,0.264857504812608,False,"[1.3668613298747458, -0.6205379181593905, 0.7950538002030858, -0.941680715828402, 0.6788193968441887, -0.5177086551339609, -0.5518340570492799, -1.2546764764152458, 0.05921790374392005, 0.9457895041732703, 0.007449537717730534, -0.949879602528851, 2.335203971507536, -1.729035910474907, 0.8298445536575962, 0.8820017076080481, -0.14194676430988046, 1.120721892817284, -1.5586472321185776, 0.27257301591763056, 0.39310839398130476, -0.6693047116816669, -1.3729964906804049, 0.9693830254583881, 0.011530390252001393]",labeled,manual
,737,722,15,far,clear,5,2,0.29222875142095106,False,"[1.240263210139028, -1.957378532835866, 2.1906896434800633, -1.095951305180056, -0.8320541145894127, -0.4210277755410654, -0.10817051954699108, -0.9149858209453514, -0.2896730192196992, 4.0351902724533, -2.055646016991704, -1.8654474774372982, 0.4809202810549605, 1.4026274119738236, 1.3926797999821354, -0.09484158987348879, -0.9980536416368458, -0.42493115236017576, -1.589690642419786, -1.1763237795936152, -0.1290353275992006, 1.9941470493256421, -1.217730205737778, -0.9219762441606, -0.549897143374555]",labeled,manual
,772,765,7,near,clear,17,0,0.26357118829804743,True,"[2.6176121099803367, -1.2818702721089372, 0.9252138637082585, -1.1549734933667015, 2.1960529324915807, -0.5845982391984446, -1.0511403185887391, -0.7336411628089836, 2.0331294648157927, 0.8988188983230506, -0.44977401176747606, -1.9213776150715756, 1.6137042900347578, -1.6429236496564255, -0.25659162860291707, 0.7102222836559454, -0.370570124705312, 0.6065365536048664, -1.6186101008090683, -1.3565177998649165, 0.10926786808594761, -0.4459166060507923, -1.1928300077549898, 0.8846502545385883, 0.4246280102623774]",labeled,manual
,822,806,16,far,cross_court,10,2,0.2779766023457197,False,"[2.0858099325511374, -2.4956848883122453, 2.1407897077577123, -0.44287280872390977, -0.15617254997225571, -0.15044867588591404, -0.23253692217302868, -0.05483342736586838, -1.210052717496219, 1.2777429105071936, -1.3131625203257493, -1.1267296830189633, -0.2310216764187944, -0.4703952039357528, 0.8279812826595951, -0.17742787832563722, 0.17717245070171622, -0.9532912807628857, -0.7420580852660843, -1.79910136080852, -0.6272610165335268, 3.8783030380188794, 0.22858281782942183, -2.3025173899621443, -1.152457425128095]",labeled,manual
,853,859,6,near,net_shot,13,2,0.4988079210917604,False,"[2.7688984735820212, -2.3642175459355363, 3.4371708236711034, 0.9165507690615822, 0.12413042162923049, -0.08341976596426792, -0.14386374779177258, 0.5935598459877083, -0.7795124538434175, 1.083737540367118, -1.4606271533137254, -0.7134502092373776, 0.13391080105541825, -0.2239192093488082, 0.16746126551253093, 0.060877451950852035, -0.8112020805673573, -1.2193285064861523, -1.7534879017505356, -0.9674097380744502, -1.2698316313482851, 1.3455555309235425, -0.7664027626149141, -1.7594983336419538, -0.9060670824156927]",labeled,manual
,902,891,11,far,long_serve,12,0,0.9123621992972437,True,"[5.797994600138418, -4.184793498465444, 2.020397087194205, -0.8909185989193749, 0.1943486568835182, 0.08656689928460293, 0.009952594562048223, -0.6106805953346184, -1.5962254889500764, 0.4295866967468177, -0.3751810042029314, -1.8984353104603695, 1.3643346687579023, -0.571580823766838, -0.9358952746905636, -0.08421968454664552, 0.9612665459318187, -0.7685493068859326, -2.172201471391649, -0.5925083539592311, 0.6879706047318845, 0.9960420001923412, -0.7779866273037874, -0.7272980269879773, 1.8456641344918086]",labeled,manual
,948,946,2,near,smash,15,0,0.40704885957292175,True,"[3.3412494524333396, -2.1816149019688615, 0.8926457367913732, -1.7013243301205467, 1.2063690063860817, -0.26396148993086643, -0.9515541297955568, -0.6793752613626411, -2.277121294308963, -1.5282008169860926, -0.3459228126173906, -1.6117370883000302, 2.1671257873797285, -0.29953372131551353, 1.6624151958904911, 1.574240694100205, -1.3570402577714893, 1.2308804554775012, -1.648917036119432, 1.9120819487465337, -0.575021240875873, -0.11842204437858161, -1.1505483204953157, -0.8821589407414868, -0.1032656074868368]",labeled,manual
,964,966,2,far,block,2,0,0.3609801748512428,True,"[2.9285063608500876, -2.486643578955556, 2.4547701679246434, 0.29195727273895034, 0.8360302684214516, -0.11040654374670811, 1.0744172232584899, -0.491264783140271, 0.07609599454277488, 0.7526973964004432, -1.2455269841319017, -1.9471911946309017, -0.5066150764203203, -0.4255459273930892, 1.4627901210270573, 0.3372505999153296, 0.7387299224538829, -0.9250897007152783, -1.5291219521197983, -1.0949003777610347, -0.49709877745881975, 1.2881688941895337, -0.26341728516740437, -1.6898084637612776, -1.5743231864081548]",labeled,manual
,985,988,3,near,net_shot,13,0,0.2095523487667918,True,"[2.789244161448232, -1.9149035477131853, 1.6185926996247777, -1.184710250645144, 2.487606072178165, 0.886301104292156, -0.3010451597733552, -0.7382089647613457, -0.3903877623570588, -0.050437700626381754, 0.12110348066034986, -1.2718001166356014, 0.12992930019138932, -2.587095078336845, 2.5966789020977665, 0.11346275573426878, 2.478814034144404, -1.5207658844158398, 1.8254929017391495, -1.7529579482184932, 0.26419660074934065, -1.158902002435985, -0.5985281283490145, -1.3651173469514326, 0.5422536640061213]",labeled,manual
,1013,1014,1,far,lift,4,0,0.38179220159743416,True,"[2.9092025621745505, -3.3547358774632463, 2.019889970876456, -0.07602033153103108, 1.3260255691912575, 1.1986857693045156, 0.9001343148188536, -0.34114825754985123, -1.2297260649693635, -0.19747365700913322, -1.175162389672368, -1.5145725766194271, -0.43499961888553024, -1.1198415125485763, 0.19758443970305217, 0.2093727088516394, 0.8627816721601512, -0.652738435761665, -1.4032358098659226, -0.9938153705703303, 0.29385679586156904, 1.7938659061371656, 0.0409409587748564, -1.1157771703690962, -0.7239328713523077]",labeled,manual
,1071,1065,6,near,smash,15,4,0.40635199918334386,False,"[0.5878152712199607, -1.8336634897679338, -0.16791562213730726, -0.8501306040577721, 2.626875900974552, 0.9233024160711782, -0.9421475035710389, -1.345798984464257, -1.593224275876346, 0.7337892533569251, -0.8003230241900378, -1.2289949813855099, 0.798692252280699, 0.280396315944542, -0.3866484866656612, 0.6292024350708166, -0.15775898249911996, 0.24508799742009768, -1.8487152624759384, -0.21191293812861883, 0.24578192455991804, 0.1304700840889782, -1.3615425045124971, 0.46019556551270935, -0.6151201219664739]",labeled,manual
,1081,1083,2,far,drive,6,0,0.2976284520551649,True,"[2.1829972132060447, -0.9519165420025836, 1.7871789537446507, -1.3614547117047142, -0.9663614990803795, -1.042622919812916, 1.0101362364726012, -1.0863631519637993, 0.16790701074474784, 2.3165652037887488, -0.7357722667818957, -1.3523096600544857, -0.1591360310292375, 0.4548009072664872, 0.6549658073864628, -0.37307070726698244, -0.7378492072420094, -0.7681361274883496, -0.9641958642635056, -1.1160711131202266, -0.34501728789583147, 2.806038605111775, -2.035175603114792, -0.6565964576692059, -0.6229837925540136]",labeled,manual
,1099,1083,16,near,drive,18,0,0.2976284520551649,True,"[2.1829972132060447, -0.9519165420025836, 1.7871789537446507, -1.3614547117047142, -0.9663614990803795, -1.042622919812916, 1.0101362364726012, -1.0863631519637993, 0.16790701074474784, 2.3165652037887488, -0.7357722667818957, -1.3523096600544857, -0.1591360310292375, 0.4548009072664872, 0.6549658073864628, -0.37307070726698244, -0.7378492072420094, -0.7681361274883496, -0.9641958642635056, -1.1160711131202266, -0.34501728789583147, 2.806038605111775, -2.035175603114792, -0.6565964576692059, -0.6229837925540136]",labeled,manual
,1112,1136,24,far,drive,6,20,0.5141380849166881,False,"[-0.9387293593075356, -2.7543308996647844, -0.033606449506997205, -1.2511609657101463, 0.6742138204482002, -0.32259541346144505, -1.0098970038456971, -1.80565299123153, -0.06668469684249428, -0.6740957467527474, -0.49447892586049363, -2.463265375233929, 0.25326606238125443, 2.5532726680163043, 0.8780184431753804, 1.9432572222297826, 0.4778878673715618, 0.013372318251396509, 0.5933785867061905, -0.5255879542933986, 3.649182345702496, 3.6008534301697583, -0.35369848855657215, -1.7831130978555159, -1.042386600504987]",labeled,manual
,1136,1136,0,near,rush,21,20,0.5141380849166881,False,"[-0.9387293593075356, -2.7543308996647844, -0.033606449506997205, -1.2511609657101463, 0.6742138204482002, -0.32259541346144505, -1.0098970038456971, -1.80565299123153, -0.06668469684249428, -0.6740957467527474, -0.49447892586049363, -2.463265375233929, 0.25326606238125443, 2.5532726680163043, 0.8780184431753804, 1.9432572222297826, 0.4778878673715618, 0.013372318251396509, 0.5933785867061905, -0.5255879542933986, 3.649182345702496, 3.6008534301697583, -0.35369848855657215, -1.7831130978555159, -1.042386600504987]",labeled,manual
,1142,1136,6,far,block,2,20,0.5141380849166881,False,"[-0.9387293593075356, -2.7543308996647844, -0.033606449506997205, -1.2511609657101463, 0.6742138204482002, -0.32259541346144505, -1.0098970038456971, -1.80565299123153, -0.06668469684249428, -0.6740957467527474, -0.49447892586049363, -2.463265375233929, 0.25326606238125443, 2.5532726680163043, 0.8780184431753804, 1.9432572222297826, 0.4778878673715618, 0.013372318251396509, 0.5933785867061905, -0.5255879542933986, 3.649182345702496, 3.6008534301697583, -0.35369848855657215, -1.7831130978555159, -1.042386600504987]",labeled,manual
,1157,1168,11,near,smash,15,14,0.3107715459611561,False,"[-0.1271094218876443, -2.279626395651723, 1.8388167820947179, 0.9113205806918312, 0.25374234591988754, -0.19892608715605564, 1.1809834139780944, -1.547218218740075, 0.42294673247211906, 6.399342227104179, -0.7158923296099596, -1.2583511034024166, 0.44346806013821244, -1.6363769138928757, 2.6865998997173954, -0.006154408400710465, 1.0850894734067944, 0.03346981237676272, 1.4658976029720596, -2.0225551209556145, 0.3905326984666258, -1.1740696559966235, -0.5022263342968905, -0.8274956104249432, 0.18140103505981695]",labeled,manual
,1209,1174,35,near,long_serve,24,2,0.4496869830764731,False,"[2.5073213442180076, -0.5216078125924121, 3.5727024875657567, -1.5966225726895165, 0.06811978792218398, -1.0195182521493418, 0.007598032279485967, -2.1185649785362175, -0.46966599302417306, -0.9951574920387353, -0.24576067904290483, -2.0606665173542904, -0.5495606998181475, 0.3940223043087617, 2.9790015711270024, -0.005180349295791031, -0.8290716126756642, -0.9248338775799023, -1.394972043100328, -0.38466540790667975, -0.6055249907232851, -0.4100581835330158, -1.472978156291672, -0.5833056327790692, -0.5075026543246435]",labeled,manual
,1257,1277,20,far,clear,5,16,0.39064376137449813,False,"[1.8911590441081443, -0.5363307558983813, -0.33518759383988295, -0.21491675212906117, 0.6453677204754753, -0.9621230323464853, -1.2535610301060731, 0.8532919731773445, -1.6481529362691072, -0.06489272105408561, 0.13789014538469985, 0.8670955142008854, 0.7333537896895277, 0.5132891868475571, -0.5099873052157711, 1.5883949494903722, 2.9507395311994578, -0.7760175304577099, -0.932062344614, -0.8358027420150325, -1.6844805218435854, 0.3517675270020336, -0.3334131950966799, -1.6662326809853987, -0.19639498902427424]",labeled,manual
,1301,1301,0,near,clear,17,2,0.5685040223937412,False,"[3.2508392198893943, -3.986726071783925, 4.075860103227377, -2.0607435567669703, 0.7938151595499916, -0.21463584496092625, 1.139480938239569, -1.355183556970208, -2.1494579203618196, 0.1415387870101844, -0.38422201553639695, -1.7314710179341244, 0.589697968008505, -1.2657433117505417, 0.687231053300922, 0.7844627744501272, -1.4854271128969165, -0.7055626945659863, -0.9487570095691391, -1.758745201598315, -0.9011128880240054, 2.870212303537068, -0.15878824540300004, -1.9136825558633284, 0.8839654831780268]",labeled,manual
,1339,1335,4,far,clear,5,0,0.45003109928687923,True,"[2.6825573309276023, -1.4038152956456194, 0.758234163381339, -1.56323538854645, -0.25657526279421616, 0.13661809669423275, -0.942013750748163, -1.5639655742011955, -0.22423874216205147, 0.07508664143370736, -0.1498343197470598, -1.1957879820835995, -0.15349701440097213, 0.09420788635050209, -1.8586844907321285, -0.01453839773481691, -0.15884187968539926, 0.01151628921773562, -1.204723076883287, -1.3648440919028804, 1.1895171664498716, 2.418472515481648, -0.48838416882676716, -0.0993843135327771, -0.7423771710501836]",labeled,manual
,1367,1347,20,near,cross_court,22,0,0.2876961543237468,True,"[2.018245445093862, -1.375789906927968, 1.3220368377940663, -0.6775886280827355, -0.5063035848233299, -0.6983585317285044, 0.10020725898312977, -0.992588296826928, -0.5539919026387361, 4.979174304130546, -1.7337213305598191, -1.3513198653233456, 0.691830303313719, 1.0960788165453568, 0.3637295855961491, 0.07838786607438719, -0.5494005397157643, -0.3998119669124829, -1.1831161547336289, -1.8367498002158686, -0.8854907490469546, 2.4869499076783033, -1.3199387008778536, -1.4425462839097456, -0.9311456771002935]",labeled,manual
,1392,1421,29,far,block,2,4,0.21761588453469427,False,"[1.3839197023723044, -1.0177217387646684, 1.265095388151885, -0.9534394009404015, 2.510604166736881, -0.1286700923593027, -1.1975578171773011, -0.15902458160743027, -0.4681209214223054, 1.0295233012466345, 0.7327589841717786, -1.4688260117543148, 2.121498908641325, -0.2729632223721847, 0.5014344646416355, 0.9012316263263861, -0.5075266972379658, 2.0800130529239427, -1.7066940832767197, 0.781771294106336, 0.48398226125463545, -0.1697950492919117, -1.2540448124043428, 0.9104914906530902, 0.8873504309548212]",labeled,manual
,1419,1421,2,near,lift,16,4,0.21761588453469427,False,"[1.3839197023723044, -1.0177217387646684, 1.265095388151885, -0.9534394009404015, 2.510604166736881, -0.1286700923593027, -1.1975578171773011, -0.15902458160743027, -0.4681209214223054, 1.0295233012466345, 0.7327589841717786, -1.4688260117543148, 2.121498908641325, -0.2729632223721847, 0.5014344646416355, 0.9012316263263861, -0.5075266972379658, 2.0800130529239427, -1.7066940832767197, 0.781771294106336, 0.48398226125463545, -0.1697950492919117, -1.2540448124043428, 0.9104914906530902, 0.8873504309548212]",labeled,manual
,1472,1479,7,far,drop,7,0,0.44534487146255014,True,"[3.3122768267009177, -1.764276292273427, 0.3998148642556676, -1.1018025739483666, 1.883655333271305, -0.9227665622384531, -1.4310915572209413, -1.1321092995963982, -0.3272841461194184, 0.7753507376937782, -0.08097644130048083, -2.582043842412274, 0.6995203306698667, 1.4302589331987992, -0.6815647588290523, 0.9976444787328879, 1.8498702332181958, -0.784839494721626, -2.0302723217639636, -1.0155764899360225, 1.5466087125085264, 0.5847334731995434, -1.6369190628163302, -0.6936394628972485, -0.19165513826476802]",labeled,manual
,1481,1479,2,near,block,14,0,0.44534487146255014,True,"[3.3122768267009177, -1.764276292273427, 0.3998148642556676, -1.1018025739483666, 1.883655333271305, -0.9227665622384531, -1.4310915572209413, -1.1321092995963982, -0.3272841461194184, 0.7753507376937782, -0.08097644130048083, -2.582043842412274, 0.6995203306698667, 1.4302589331987992, -0.6815647588290523, 0.9976444787328879, 1.8498702332181958, -0.784839494721626, -2.0302723217639636, -1.0155764899360225, 1.5466087125085264, 0.5847334731995434, -1.6369190628163302, -0.6936394628972485, -0.19165513826476802]",labeled,manual
,1510,1498,12,far,lift,4,0,0.6955699378166035,True,"[4.136649595103018, -1.3975005411595354, 1.899009903527976, 0.008616759032743032, 1.5386433837321205, -0.23062502934050388, 0.5556002157168334, -0.3564919385276726, 0.45535952968471977, 1.5234240771560583, 0.20292989929857924, -1.9840065995228695, -0.0681106189465654, -0.38082116495336144, -0.13142461638825642, 0.5235141015594641, -0.07802096160220834, -1.4925483303234326, -1.3364647794398972, -0.852499969969897, -0.8217537142492861, -0.19057400332099494, -1.2206701452366793, -0.3060290274114087, 0.12485774444473516]",labeled,manual
,1548,1541,7,near,smash,15,0,0.4200934776038498,True,"[2.7107419832560935, -1.3455766105145464, 1.1557538710610875, -0.6785061521820854, 1.1532723543551369, 0.11888528273987942, 0.5432426827387755, -0.8076915594898155, -0.859607685376468, 3.9369355918197546, -0.8335551766520434, -1.8458644906056332, 1.1108362933421003, -1.3793464268323288, -0.25329942565339314, 0.3876852489059607, -0.2628844097452137, -1.3675993518993603, -1.9215039778384873, -1.3706182322608516, -0.05580732600465717, 2.8260927070557447, -0.6674285347096407, -1.3120103237122969, -0.4313259215460943]",labeled,manual
,1565,1559,6,far,block,2,0,0.2342621625604679,True,"[1.7497331961009421, -1.984439399191762, 1.0301814876573094, -0.5287315411858391, 0.19526013111142348, -0.16225176645827122, 0.07412927321957996, -0.7886409613452843, -1.3244980462086824, 3.516347575309745, -0.9612705854540758, -1.9272821703923153, 0.5560669561648237, -0.4800147975560531, -0.8394903646029781, 0.25826073651963866, 0.8114713713331249, -1.171910627381538, -1.126644806924791, -1.4293149790870234, 0.6442380808137327, 4.509004579919514, 0.045398477233222795, -1.8583799359292463, -0.5709764750109838]",labeled,manual
,1593,1559,34,near,net_shot,13,0,0.2342621625604679,True,"[1.7497331961009421, -1.984439399191762, 1.0301814876573094, -0.5287315411858391, 0.19526013111142348, -0.16225176645827122, 0.07412927321957996, -0.7886409613452843, -1.3244980462086824, 3.516347575309745, -0.9612705854540758, -1.9272821703923153, 0.5560669561648237, -0.4800147975560531, -0.8394903646029781, 0.25826073651963866, 0.8114713713331249, -1.171910627381538, -1.126644806924791, -1.4293149790870234, 0.6442380808137327, 4.509004579919514, 0.045398477233222795, -1.8583799359292463, -0.5709764750109838]",labeled,manual
,1679,1756,77,far,block,2,10,0.33403258912299644,False,"[-0.8394626365091882, 1.846363995125865, -0.3015994228346339, 0.1156298653788734, 1.4268290040400429, -0.09158223463606663, -1.0923535329861696, 0.939951404634864, -0.3117834814084199, 0.8121008158950721, 2.7584349366063186, -1.3628913918507504, 0.8175866564535963, 0.5967477296713486, -1.569500874093945, 1.4063700533455052, -1.0101190522508594, -0.25404558946344724, -0.8131360281142899, 0.3676721968544439, -1.19557711856142, -0.72075289295322, 0.03502679220514662, -0.4822006580323651, -0.682706186305158]",labeled,manual
,1704,1756,52,near,drive,18,10,0.33403258912299644,False,"[-0.8394626365091882, 1.846363995125865, -0.3015994228346339, 0.1156298653788734, 1.4268290040400429, -0.09158223463606663, -1.0923535329861696, 0.939951404634864, -0.3117834814084199, 0.8121008158950721, 2.7584349366063186, -1.3628913918507504, 0.8175866564535963, 0.5967477296713486, -1.569500874093945, 1.4063700533455052, -1.0101190522508594, -0.25404558946344724, -0.8131360281142899, 0.3676721968544439, -1.19557711856142, -0.72075289295322, 0.03502679220514662, -0.4822006580323651, -0.682706186305158]",labeled,manual
,1715,1756,41,far,lift,4,10,0.33403258912299644,False,"[-0.8394626365091882, 1.846363995125865, -0.3015994228346339, 0.1156298653788734, 1.4268290040400429, -0.09158223463606663, -1.0923535329861696, 0.939951404634864, -0.3117834814084199, 0.8121008158950721, 2.7584349366063186, -1.3628913918507504, 0.8175866564535963, 0.5967477296713486, -1.569500874093945, 1.4063700533455052, -1.0101190522508594, -0.25404558946344724, -0.8131360281142899, 0.3676721968544439, -1.19557711856142, -0.72075289295322, 0.03502679220514662, -0.4822006580323651, -0.682706186305158]",labeled,manual
,1750,1756,6,near,smash,15,10,0.33403258912299644,False,"[-0.8394626365091882, 1.846363995125865, -0.3015994228346339, 0.1156298653788734, 1.4268290040400429, -0.09158223463606663, -1.0923535329861696, 0.939951404634864, -0.3117834814084199, 0.8121008158950721, 2.7584349366063186, -1.3628913918507504, 0.8175866564535963, 0.5967477296713486, -1.569500874093945, 1.4063700533455052, -1.0101190522508594, -0.25404558946344724, -0.8131360281142899, 0.3676721968544439, -1.19557711856142, -0.72075289295322, 0.03502679220514662, -0.4822006580323651, -0.682706186305158]",labeled,manual
,1757,1756,1,far,block,2,10,0.33403258912299644,False,"[-0.8394626365091882, 1.846363995125865, -0.3015994228346339, 0.1156298653788734, 1.4268290040400429, -0.09158223463606663, -1.0923535329861696, 0.939951404634864, -0.3117834814084199, 0.8121008158950721, 2.7584349366063186, -1.3628913918507504, 0.8175866564535963, 0.5967477296713486, -1.569500874093945, 1.4063700533455052, -1.0101190522508594, -0.25404558946344724, -0.8131360281142899, 0.3676721968544439, -1.19557711856142, -0.72075289295322, 0.03502679220514662, -0.4822006580323651, -0.682706186305158]",labeled,manual
,1789,1773,16,near,smash,15,0,0.3834828910000355,True,"[2.561748967966787, -0.933387484499837, 1.3223491810338506, -0.661114023476107, -0.027082062015254982, 0.17768669532227688, 0.3722128169970458, -0.8118413838706902, -1.2153085358632234, 1.1504283429412756, -1.102659538186162, -1.4827298680317806, 0.5917648931765425, -0.22261553655828087, 0.07641761440855754, 0.49660784965211546, 1.0073195978803662, -1.2813542919323193, -1.3474799562129685, -1.3511473021613642, 0.06284555418714581, 2.461638914483723, -0.30584211298150654, -1.5387735125512556, -0.9886701793776678]",labeled,manual
,1805,1773,32,far,block,2,0,0.3834828910000355,True,"[2.561748967966787, -0.933387484499837, 1.3223491810338506, -0.661114023476107, -0.027082062015254982, 0.17768669532227688, 0.3722128169970458, -0.8118413838706902, -1.2153085358632234, 1.1504283429412756, -1.102659538186162, -1.4827298680317806, 0.5917648931765425, -0.22261553655828087, 0.07641761440855754, 0.49660784965211546, 1.0073195978803662, -1.2813542919323193, -1.3474799562129685, -1.3511473021613642, 0.06284555418714581, 2.461638914483723, -0.30584211298150654, -1.5387735125512556, -0.9886701793776678]",labeled,manual
,1837,1773,64,near,smash,15,0,0.3834828910000355,True,"[2.561748967966787, -0.933387484499837, 1.3223491810338506, -0.661114023476107, -0.027082062015254982, 0.17768669532227688, 0.3722128169970458, -0.8118413838706902, -1.2153085358632234, 1.1504283429412756, -1.102659538186162, -1.4827298680317806, 0.5917648931765425, -0.22261553655828087, 0.07641761440855754, 0.49660784965211546, 1.0073195978803662, -1.2813542919323193, -1.3474799562129685, -1.3511473021613642, 0.06284555418714581, 2.461638914483723, -0.30584211298150654, -1.5387735125512556, -0.9886701793776678]",labeled,manual
,1841,1773,68,far,lift,4,0,0.3834828910000355,True,"[2.561748967966787, -0.933387484499837, 1.3223491810338506, -0.661114023476107, -0.027082062015254982, 0.17768669532227688, 0.3722128169970458, -0.8118413838706902, -1.2153085358632234, 1.1504283429412756, -1.102659538186162, -1.4827298680317806, 0.5917648931765425, -0.22261553655828087, 0.07641761440855754, 0.49660784965211546, 1.0073195978803662, -1.2813542919323193, -1.3474799562129685, -1.3511473021613642, 0.06284555418714581, 2.461638914483723, -0.30584211298150654, -1.5387735125512556, -0.9886701793776678]",labeled,manual
,1881,1940,59,near,lift,16,16,0.17753717246489858,False,"[-1.3798500732567391, -2.2880339884251604, 0.2707956634538182, 0.4483239190287758, 1.513034486522953, -0.9645707566888315, -1.5126267773671205, 0.3358806815780708, -0.8422236330998567, 0.9153377295761024, -0.4864504782324724, -1.314610795117657, 0.11572816574810624, 0.5334347223166123, -0.17500991683381306, 1.0734435117786565, 1.5865977093381909, -0.7839187221691357, -0.23452104813191382, -0.748444565306811, 0.12439480049833355, 3.1691312660157056, 0.08917717984991438, -1.5572321173638777, -0.21624104095565547]",labeled,manual
,1902,1940,38,far,push,8,16,0.17753717246489858,False,"[-1.3798500732567391, -2.2880339884251604, 0.2707956634538182, 0.4483239190287758, 1.513034486522953, -0.9645707566888315, -1.5126267773671205, 0.3358806815780708, -0.8422236330998567, 0.9153377295761024, -0.4864504782324724, -1.314610795117657, 0.11572816574810624, 0.5334347223166123, -0.17500991683381306, 1.0734435117786565, 1.5865977093381909, -0.7839187221691357, -0.23452104813191382, -0.748444565306811, 0.12439480049833355, 3.1691312660157056, 0.08917717984991438, -1.5572321173638777, -0.21624104095565547]",labeled,manual
,1915,1940,25,near,push,20,16,0.17753717246489858,False,"[-1.3798500732567391, -2.2880339884251604, 0.2707956634538182, 0.4483239190287758, 1.513034486522953, -0.9645707566888315, -1.5126267773671205, 0.3358806815780708, -0.8422236330998567, 0.9153377295761024, -0.4864504782324724, -1.314610795117657, 0.11572816574810624, 0.5334347223166123, -0.17500991683381306, 1.0734435117786565, 1.5865977093381909, -0.7839187221691357, -0.23452104813191382, -0.748444565306811, 0.12439480049833355, 3.1691312660157056, 0.08917717984991438, -1.5572321173638777, -0.21624104095565547]",labeled,manual
,1932,1940,8,far,push,8,16,0.17753717246489858,False,"[-1.3798500732567391, -2.2880339884251604, 0.2707956634538182, 0.4483239190287758, 1.513034486522953, -0.9645707566888315, -1.5126267773671205, 0.3358806815780708, -0.8422236330998567, 0.9153377295761024, -0.4864504782324724, -1.314610795117657, 0.11572816574810624, 0.5334347223166123, -0.17500991683381306, 1.0734435117786565, 1.5865977093381909, -0.7839187221691357, -0.23452104813191382, -0.748444565306811, 0.12439480049833355, 3.1691312660157056, 0.08917717984991438, -1.5572321173638777, -0.21624104095565547]",labeled,manual
,1950,1956,6,near,push,20,0,0.30865570947742976,True,"[2.6552023752543845, -1.708346869894887, 2.4999589525239476, -0.4015107019238304, 1.252599858989994, 0.2667362134306448, 0.4350712197260802, -0.6595195832811287, -0.5938854105961946, 0.7006803036956702, -0.902685537732213, -1.381121114827435, -0.16900977885486007, -0.770061072218071, 0.14528422493559612, 0.1411390400474707, 0.9275670334501293, -0.9191678600475537, -0.820086823764772, -0.5253129682647273, 0.3113722763799101, -0.14583648548728523, -0.8344582731358492, -0.9037596640080884, -0.019392886887662303]",labeled,manual
,2024,2034,10,far,long_serve,12,7,0.8697300957396322,False,"[-1.0650975541260324, -0.5912376307934771, 3.4266382061021337, -0.7206780178837608, -0.08849701906176377, 2.099825863107921, 0.399889816565985, 5.989387973848731, -0.25253661351329354, -0.6398670940370644, -1.324138596451848, -0.10193057451371423, 1.1098727842593061, -0.9014232720013962, 0.4405554427586247, 0.7096610314195791, -0.4024146810369465, 0.9305594427421344, -1.2877417374286362, -0.42179263449779, 0.4775339923642546, 0.42269800795906487, -0.35713775106591816, -0.5998139885158017, 0.08540450619591008]",labeled,manual
,2058,2079,21,near,cross_court,22,4,0.1733899107997958,False,"[0.8729539974543967, -1.1906589531392107, 0.7808326684014806, -1.6025942428402733, 1.758561396351139, -0.9247579534203989, -1.1322894198460633, -0.2958294901214531, -0.714731205273929, -0.21507234561158073, -0.7513265160685473, -0.9389763632786678, 0.908908989074217, 1.5307626162890091, -0.4723934636630367, 0.6461355484073797, 1.03154423681927, 0.8097066445186389, -1.8414969015750595, -0.2615142545806452, 0.8384934924386411, 0.2815017570435375, -1.6625993663899385, -0.16079384655661133, -0.22012453688251246]",labeled,manual
,2080,2079,1,far,block,2,4,0.1733899107997958,False,"[0.8729539974543967, -1.1906589531392107, 0.7808326684014806, -1.6025942428402733, 1.758561396351139, -0.9247579534203989, -1.1322894198460633, -0.2958294901214531, -0.714731205273929, -0.21507234561158073, -0.7513265160685473, -0.9389763632786678, 0.908908989074217, 1.5307626162890091, -0.4723934636630367, 0.6461355484073797, 1.03154423681927, 0.8097066445186389, -1.8414969015750595, -0.2615142545806452, 0.8384934924386411, 0.2815017570435375, -1.6625993663899385, -0.16079384655661133, -0.22012453688251246]",labeled,manual
,2111,2116,5,near,net_shot,13,14,0.4432652673666517,False,"[1.7343339784953513, -1.1510017775982866, 1.1333181165235051, -0.45065440371559373, 1.6866882083323402, -0.5933690030724985, -0.15200693436098645, -1.4791941198669365, 0.9357470981585356, 2.1888248206405554, -0.5943871287470751, -1.0531947771084713, 0.2317887803339827, -0.16956448208058922, 3.21818571228606, 0.08528686528855955, 1.4667246624631909, -0.630960567490791, -1.0165651608142563, -1.6275447688209101, -0.30977487938180864, -1.4758153091490893, -2.1789710933796846, -0.5635792371720746, 0.11998798536194097]",labeled,manual
,2135,2116,19,far,lift,4,14,0.4432652673666517,False,"[1.7343339784953513, -1.1510017775982866, 1.1333181165235051, -0.45065440371559373, 1.6866882083323402, -0.5933690030724985, -0.15200693436098645, -1.4791941198669365, 0.9357470981585356, 2.1888248206405554, -0.5943871287470751, -1.0531947771084713, 0.2317887803339827, -0.16956448208058922, 3.21818571228606, 0.08528686528855955, 1.4667246624631909, -0.630960567490791, -1.0165651608142563, -1.6275447688209101, -0.30977487938180864, -1.4758153091490893, -2.1789710933796846, -0.5635792371720746, 0.11998798536194097]",labeled,manual
,2182,2194,12,near,cross_court,22,0,0.5945813342441241,True,"[3.9410772188517966, -2.30912568802538, 1.2002837263123998, -0.9417434795193504, -0.17201200748415757, -0.23205250097822971, -1.4387523037953431, -0.9894265684448174, -1.9617061503422883, -0.9339541910858239, -0.4411481169825487, -2.1666307011616635, 1.2316569348597395, -0.8558691109296188, 0.3048187984905888, 1.6883335209434667, -0.9009450987176869, 1.12951265404966, -1.074343221250505, -0.7608739218818232, -0.2826882340170473, -0.24208356247550544, -0.44406537362260456, 1.9463169816046282, 1.572637072075732]",labeled,manual
,2304,2300,4,far,long_serve,12,0,0.45916069726077957,True,"[2.794353948435537, -1.7529952787846574, -0.3289992012007228, -0.006085352449877207, 0.27404572938946914, -0.7512043674142344, 0.2735884087519591, -1.834446206983178, 0.5153368525015685, 5.927157092216484, -0.7246393112307482, -1.3546562949192928, 1.0872761865877973, -0.6345060433026657, -0.5814609036959957, 0.45983491306955016, 0.6584503933591869, -0.5262987451717602, -1.134878950181932, -1.6577708802329585, -0.2029167153097719, 1.7067336906372876, -1.2790764982335054, 0.03821530371003601, -0.11835475055443515]",labeled,manual
,2373,2377,4,near,smash,15,0,0.38359275159771483,True,"[2.5772998197886863, -3.701185252615834, 1.7347118459718236, -1.3648196323208641, -0.785711622485836, -0.8553124625833017, 0.15851532392072132, -0.7977187785468987, -0.8731617815983919, 1.5721937896041784, -0.8086908010607653, -1.8385958233845638, 0.006619360091673132, 0.4965400134447709, 1.28111558098418, 0.7911719179695288, -1.4191764310197803, -0.6302218275234448, -1.148260014120073, -1.4969213090049311, -0.8434629179693789, 4.30342863692635, -0.28883196064157124, -1.513590550133653, -0.6813285441504644]",labeled,manual
,2382,2377,5,far,lift,4,0,0.38359275159771483,True,"[2.5772998197886863, -3.701185252615834, 1.7347118459718236, -1.3648196323208641, -0.785711622485836, -0.8553124625833017, 0.15851532392072132, -0.7977187785468987, -0.8731617815983919, 1.5721937896041784, -0.8086908010607653, -1.8385958233845638, 0.006619360091673132, 0.4965400134447709, 1.28111558098418, 0.7911719179695288, -1.4191764310197803, -0.6302218275234448, -1.148260014120073, -1.4969213090049311, -0.8434629179693789, 4.30342863692635, -0.28883196064157124, -1.513590550133653, -0.6813285441504644]",labeled,manual
,2408,2388,20,near,long_serve,24,2,0.3394124124393079,False,"[2.01636456092333, -2.473235394904042, 2.5002960763947972, -0.2618873356275391, 1.0333293316271706, -0.2637772519738657, 0.8241070406870787, -0.7372455152831963, -0.43516050653583077, 2.503338265541068, -0.5971215514307909, -2.1799476901066708, -0.03138742244006515, -0.6208718384381637, 0.4488190903149296, 0.35648782020265257, -0.6421745732622121, -1.262033803956245, -1.9139523077640244, -1.1278698525535151, -0.5310030914999575, 2.2235579360901685, -0.39419561275167103, -1.2665715572328047, -0.9694328994857]",labeled,manual
,2408,2388,20,far,smash,3,2,0.3394124124393079,False,"[2.01636456092333, -2.473235394904042, 2.5002960763947972, -0.2618873356275391, 1.0333293316271706, -0.2637772519738657, 0.8241070406870787, -0.7372455152831963, -0.43516050653583077, 2.503338265541068, -0.5971215514307909, -2.1799476901066708, -0.03138742244006515, -0.6208718384381637, 0.4488190903149296, 0.35648782020265257, -0.6421745732622121, -1.262033803956245, -1.9139523077640244, -1.1278698525535151, -0.5310030914999575, 2.2235579360901685, -0.39419561275167103, -1.2665715572328047, -0.9694328994857]",labeled,manual
,2414,2388,26,near,smash,15,2,0.3394124124393079,False,"[2.01636456092333, -2.473235394904042, 2.5002960763947972, -0.2618873356275391, 1.0333293316271706, -0.2637772519738657, 0.8241070406870787, -0.7372455152831963, -0.43516050653583077, 2.503338265541068, -0.5971215514307909, -2.1799476901066708, -0.03138742244006515, -0.6208718384381637, 0.4488190903149296, 0.35648782020265257, -0.6421745732622121, -1.262033803956245, -1.9139523077640244, -1.1278698525535151, -0.5310030914999575, 2.2235579360901685, -0.39419561275167103, -1.2665715572328047, -0.9694328994857]",labeled,manual
,2554,2554,0,near,block,14,0,0.6983135355606734,True,"[4.256281839213125, -2.0445541405171404, 2.3941404424684056, 0.4362994568057228, 0.19765772794751357, 0.686583999857189, 1.2421029704050963, 0.027772232595832058, -0.44484983759051827, 0.5591484786300575, -1.109373643792241, -1.7636006632817196, -0.34129682576419235, -0.253804203378807, 1.1011423661194493, 0.23575652604753172, -0.5160555556611989, -0.7300094204113232, -1.3412010837230393, -0.7942765436278865, -1.5868801810003847, 0.8095838893830151, -0.6408247763745272, -1.3115824815720991, -0.7964891286002325]",labeled,manual
,2571,2568,3,far,lift,4,0,0.8131445157856971,True,"[4.707512842020742, -1.7394769453495988, 1.9840727649705419, 0.6237669126696754, 0.4606751290467186, -0.19740616871428318, -0.023629019932275508, 0.1263051477111885, -0.17325793581134347, -0.19265810835076225, -0.8689068106776171, -1.091544286347668, -0.027790043709291223, -0.9573731983777389, 0.5031987919293095, 0.3102621532028357, 0.4391438647909191, -1.0343054371044385, -1.593392567697496, -0.45698643542399847, -0.7234346605993838, -0.7515578399718433, -0.5694637114636385, -0.5262095984906628, 0.23840736435783635]",labeled,manual
,2613,2610,3,near,lift,16,0,0.8924672946196458,True,"[5.350043283304922, -2.0048852228611955, 2.1347221933381566, 0.36430568859054335, 0.5223683578279419, 0.23580696092534237, 0.14782046250867298, -0.22380812495574265, -0.389955151845279, -0.5070384262771691, -0.6827210930949145, -1.0003655711186337, 0.3857773652100432, -0.7890693510648117, -0.2455856309451412, 0.3945399618690649, -0.4809999183015797, -0.7052714662716137, -1.4884916115436264, -0.5773364088641688, -0.5230971314169497, -0.5068539212763935, -0.8211625630490267, -0.7436806020230725, 0.2540788857830836]",labeled,manual
,2635,2633,2,far,rush,9,0,0.5351349333414027,True,"[3.912332521280996, -2.3756878637761125, 3.3129568897264012, -0.2959966970972847, -0.47851297880144883, 0.14921172367024593, 1.4505120413737242, -0.25892300933226853, -0.5476334579480318, 0.29806284916686165, -0.7509085682993822, -1.3473523417485165, -0.34767380749942184, -0.5591862763043747, 0.13464980263335002, 0.010988245064560531, -0.3227916971044514, -0.6391107874080884, -0.8214118648204514, -0.571879156600146, -0.9955539442755312, 1.0179225076615186, -1.047257941447922, -1.7493154761285261, -0.8365097136603521]",labeled,manual
,2653,2649,4,near,block,14,0,0.8248794831421689,True,"[4.693709359965078, -1.5179810785740862, 1.6350351177232274, -0.3433955697707962, 0.737890386333744, 0.3110579590647238, 0.9546296494440978, -0.5051490220390251, -0.13829188423282174, 3.2604121447830114, -0.4367916134959154, -2.211436943150799, 0.2756670376086104, -1.2045763100262985, 0.031110156961505542, 0.3878644204681555, 0.7860833093328502, -1.6392954425976025, -1.2052431870135971, -0.8417514643775508, -1.1066940762259097, 0.8853080142914623, -1.6275229866139376, -1.2159616109818892, -0.2389559538470434]",labeled,manual
,2666,2649,17,near,smash,15,0,0.8248794831421689,True,"[4.693709359965078, -1.5179810785740862, 1.6350351177232274, -0.3433955697707962, 0.737890386333744, 0.3110579590647238, 0.9546296494440978, -0.5051490220390251, -0.13829188423282174, 3.2604121447830114, -0.4367916134959154, -2.211436943150799, 0.2756670376086104, -1.2045763100262985, 0.031110156961505542, 0.3878644204681555, 0.7860833093328502, -1.6392954425976025, -1.2052431870135971, -0.8417514643775508, -1.1066940762259097, 0.8853080142914623, -1.6275229866139376, -1.2159616109818892, -0.2389559538470434]",labeled,manual
,2672,2649,23,far,push,8,0,0.8248794831421689,True,"[4.693709359965078, -1.5179810785740862, 1.6350351177232274, -0.3433955697707962, 0.737890386333744, 0.3110579590647238, 0.9546296494440978, -0.5051490220390251, -0.13829188423282174, 3.2604121447830114, -0.4367916134959154, -2.211436943150799, 0.2756670376086104, -1.2045763100262985, 0.031110156961505542, 0.3878644204681555, 0.7860833093328502, -1.6392954425976025, -1.2052431870135971, -0.8417514643775508, -1.1066940762259097, 0.8853080142914623, -1.6275229866139376, -1.2159616109818892, -0.2389559538470434]",labeled,manual
,2701,2745,44,far,smash,3,12,0.16693609983440982,False,"[0.6114936931941428, -0.957314338633443, -0.22618977203202162, 0.6195032732196022, 1.4924707648661537, -0.5968573053033335, -0.9936245185895021, -0.33177545696124344, -0.6010209210408357, 3.9654223204879675, -0.5945865658884936, -1.8142635384571957, 1.6483391186022627, 0.9936010276201859, -1.5620607839145015, 1.3649649715965428, 1.058072237650874, -0.1389345960781323, -1.2318883705768295, -1.6206257424460933, -0.27991223709360064, 1.707952963250813, -0.11489530303401582, -1.2874299046487288, -0.32982357753383384]",labeled,manual
,2720,2745,25,near,block,14,12,0.16693609983440982,False,"[0.6114936931941428, -0.957314338633443, -0.22618977203202162, 0.6195032732196022, 1.4924707648661537, -0.5968573053033335, -0.9936245185895021, -0.33177545696124344, -0.6010209210408357, 3.9654223204879675, -0.5945865658884936, -1.8142635384571957, 1.6483391186022627, 0.9936010276201859, -1.5620607839145015, 1.3649649715965428, 1.058072237650874, -0.1389345960781323, -1.2318883705768295, -1.6206257424460933, -0.27991223709360064, 1.707952963250813, -0.11489530303401582, -1.2874299046487288, -0.32982357753383384]",labeled,manual
,2730,2745,15,far,smash,3,12,0.16693609983440982,False,"[0.6114936931941428, -0.957314338633443, -0.22618977203202162, 0.6195032732196022, 1.4924707648661537, -0.5968573053033335, -0.9936245185895021, -0.33177545696124344, -0.6010209210408357, 3.9654223204879675, -0.5945865658884936, -1.8142635384571957, 1.6483391186022627, 0.9936010276201859, -1.5620607839145015, 1.3649649715965428, 1.058072237650874, -0.1389345960781323, -1.2318883705768295, -1.6206257424460933, -0.27991223709360064, 1.707952963250813, -0.11489530303401582, -1.2874299046487288, -0.32982357753383384]",labeled,manual
,2744,2745,1,near,block,14,12,0.16693609983440982,False,"[0.6114936931941428, -0.957314338633443, -0.22618977203202162, 0.6195032732196022, 1.4924707648661537, -0.5968573053033335, -0.9936245185895021, -0.33177545696124344, -0.6010209210408357, 3.9654223204879675, -0.5945865658884936, -1.8142635384571957, 1.6483391186022627, 0.9936010276201859, -1.5620607839145015, 1.3649649715965428, 1.058072237650874, -0.1389345960781323, -1.2318883705768295, -1.6206257424460933, -0.27991223709360064, 1.707952963250813, -0.11489530303401582, -1.2874299046487288, -0.32982357753383384]",labeled,manual
,2766,2771,5,far,smash,3,0,0.484744369188117,True,"[3.1322975023600974, -2.741003539511586, 1.6561531625764379, -0.23768161371277088, 0.76856892680196, -0.5260397155435068, -0.23695423729849407, 0.5219106522239754, -0.8503790982258943, 1.7949740172653113, -1.1047261504298143, -1.8894545594227719, -0.28606608903170944, -1.2337449158307419, 0.2899230613194157, 0.03515673642808592, 1.4357947394056347, -0.9202524261638867, -0.8505316544208237, -0.8878234109984919, -0.04033674673810901, 2.839286791223225, 0.5455908959277189, -2.2010898348779158, -0.7041099162207769]",labeled,manual
,2777,2771,6,far,smash,3,0,0.484744369188117,True,"[3.1322975023600974, -2.741003539511586, 1.6561531625764379, -0.23768161371277088, 0.76856892680196, -0.5260397155435068, -0.23695423729849407, 0.5219106522239754, -0.8503790982258943, 1.7949740172653113, -1.1047261504298143, -1.8894545594227719, -0.28606608903170944, -1.2337449158307419, 0.2899230613194157, 0.03515673642808592, 1.4357947394056347, -0.9202524261638867, -0.8505316544208237, -0.8878234109984919, -0.04033674673810901, 2.839286791223225, 0.5455908959277189, -2.2010898348779158, -0.7041099162207769]",labeled,manual
,2786,2790,4,near,block,14,0,0.8052986890187107,True,"[4.704871164164297, -1.648093488165761, 1.6741913162248143, 0.028100116700666006, 0.9212519464400215, 0.5564089457838552, 0.1305595534281676, -0.45602026611193924, 0.12273372335308524, -0.43131450998497856, -0.8073863534098559, -1.7244861880314755, -0.1629057267880571, -0.5023803080197677, 0.2865869893513371, 0.48491404419595396, 1.5560013338727978, -1.14136598874781, -1.3742571640643784, -0.6729772172080561, -0.64928326384798, -0.6718736718714863, -1.173396628581711, -0.770477151581712, -0.16921762539016474]",labeled,manual
,2899,2907,8,near,smash,15,0,0.6559010343195825,True,"[3.6694726808879294, -1.3968826794117937, 1.6393407784478673, -1.0671824081234764, 0.3824475941565437, -0.4709252078683359, 0.09105293921994617, -0.8931486758552483, -0.46602420883304146, 1.2977980853347693, -0.9705692080622607, -2.1445390740406918, 0.3736548682474959, -0.646265324461113, -0.424591969064648, 0.3989301419799963, 0.898996023814204, -0.8970626430675732, -1.4399503040942856, -1.2026476941215083, 0.41743307931646406, 1.9629504550873609, -0.9466953689686739, -1.344471966931291, -0.8448754639731573]",labeled,manual
,2914,2907,7,far,block,2,0,0.6559010343195825,True,"[3.6694726808879294, -1.3968826794117937, 1.6393407784478673, -1.0671824081234764, 0.3824475941565437, -0.4709252078683359, 0.09105293921994617, -0.8931486758552483, -0.46602420883304146, 1.2977980853347693, -0.9705692080622607, -2.1445390740406918, 0.3736548682474959, -0.646265324461113, -0.424591969064648, 0.3989301419799963, 0.898996023814204, -0.8970626430675732, -1.4399503040942856, -1.2026476941215083, 0.41743307931646406, 1.9629504550873609, -0.9466953689686739, -1.344471966931291, -0.8448754639731573]",labeled,manual
,2942,2921,21,near,lift,16,0,0.42065628305832975,True,"[3.1220345362040915, -2.7508030199498186, 2.7133885227220067, -0.03933085635231251, -0.08338174844713975, 0.07660338686394863, 0.9227684634165709, 0.5417322960533211, -0.6574145443928865, 0.6416082860259925, -0.8890581874018603, -2.054154709912579, -0.39798185622455, -1.296517666685234, 0.27827583689314617, -0.05905639166181886, 0.5071485325498607, -0.7430909710094677, -1.6232571173343369, -1.1692990145789668, -0.5801501013495058, 3.6136355270325513, 0.1490843479998625, -2.706494784066148, -1.5368901581870245]",labeled,manual
,2966,2921,45,far,smash,3,0,0.42065628305832975,True,"[3.1220345362040915, -2.7508030199498186, 2.7133885227220067, -0.03933085635231251, -0.08338174844713975, 0.07660338686394863, 0.9227684634165709, 0.5417322960533211, -0.6574145443928865, 0.6416082860259925, -0.8890581874018603, -2.054154709912579, -0.39798185622455, -1.296517666685234, 0.27827583689314617, -0.05905639166181886, 0.5071485325498607, -0.7430909710094677, -1.6232571173343369, -1.1692990145789668, -0.5801501013495058, 3.6136355270325513, 0.1490843479998625, -2.706494784066148, -1.5368901581870245]",labeled,manual
,2982,3039,57,near,block,14,4,0.617424168375349,False,"[1.782365785441152, -1.3559682034939775, -0.6056923068983546, 0.7559865848727394, 4.363670372715275, 1.490165952905895, -1.5424735648198182, -0.7530397924743584, -0.7236853726399568, 0.9299432517318641, 1.1510640831822463, -1.3663950124752926, 0.7631162365698683, -0.17883330236638634, -0.48335547309296834, 1.4916952348297277, 2.9382382914228464, -1.404153688447212, -1.1342753935489365, -0.6123557171927974, -0.9523532129980654, -0.2549710999549061, -0.8456133420102083, -0.2686871644944623, 0.14313082980049383]",labeled,manual
,3073,3081,8,far,long_serve,12,0,0.23745941475317597,True,"[2.03980730613207, -0.037267115065480305, 1.4365599356668004, 1.131134523601072, 0.602400177469532, -0.14121877743315525, -1.629339109138971, 1.1513013687767097, -0.29787008838779, 1.3083464385299597, -0.23386353234109208, -1.0497626224530148, 0.013143326880918738, -1.8977716530438766, -0.4343225465335201, 0.6315615124052206, -0.7453777507142995, -0.4733103351757275, -0.8409606385860153, -0.6893106780158564, -0.9371711947180361, 0.2855774034439892, -0.5699965769879305, 0.29994704752259704, -0.7837295622931646]",labeled,manual
,3113,3117,4,near,drop,19,0,0.6516463915348302,True,"[4.018323407969229, -2.155995395132924, 1.3216948263423451, -1.9269558055691551, 1.6915946242716713, -0.06900882317137547, 0.4630516665415709, -1.4303705248199394, -1.5445284731877473, 0.7364699126510535, -0.6108692435389452, -1.68191166315202, 1.6471179386401045, -1.1181043947812424, 0.7917535050593068, 0.9270188084786574, -1.4033497289018604, 1.320943967802788, -2.5792612600955676, -1.3572728715049311, -0.6800430156447024, 1.2510683406769605, -0.5296382124058687, -1.0194165465325788, -0.6010939271556066]",labeled,manual
,3137,3139,2,far,block,2,0,0.3996566531960548,True,"[2.837184892496816, -2.332285668799306, 2.0054035984056005, -0.4144257916502785, 0.5330615875628395, 0.12290448354172878, 1.4949434893565123, -1.076356664594262, -0.04411995785361794, 3.657560038688651, -0.8741962460642748, -2.323726848698895, 0.35036572420834183, -0.34904944549764244, 0.28978513617140544, 0.24821777110749876, -0.8313630536394093, -1.0804195242092358, -1.8816316891345688, -0.8836088261710688, -0.5074915029265017, 1.513929354089436, -1.1729875022999727, -0.6638390776605084, -0.1805780024634527]",labeled,manual
,3152,3157,5,near,push,20,0,0.858136084164761,True,"[4.712446199259512, -1.6169364714116106, 0.8547095857636937, -1.465041266231997, 0.9528933999445839, -1.0792196948678476, 0.33688007764386585, -1.2835685166679314, -0.26256810503131417, 2.4150044204025183, -0.9842137841349535, -1.5751891890538143, 0.30768850052593827, 0.016902032983650284, -0.5185687051333736, 0.466784069592301, 0.3701748534841564, -1.147381170289253, -1.0382317472133347, -1.1598744473563716, -0.6369245983816714, 1.0921550859391065, -1.7370101625554049, -0.4020437952966168, 0.2534416525257899]",labeled,manual
,3174,3179,5,far,push,8,0,0.7328325072605174,True,"[4.23653172095751, -2.4780411982029924, 2.3238751493470677, -1.3423014743618797, 0.3763943103459282, -0.8166462142617685, 0.34577404431867054, -1.110642507966607, -0.6119205840123323, 1.1691054583816443, -1.1307296303873948, -2.2948181191456722, 0.01346140706776261, -0.5395410622235641, -0.33824987273591267, 0.16504157548600829, 0.8533844038648631, -1.185481412903999, -1.3710310626659103, -0.8000863275634333, 0.4679035506986052, 1.4097952712952466, -0.9704238588444674, -1.135639643380113, -0.09806849969493617]",labeled,manual
,3194,3197,3,near,block,14,0,0.3117286023226015,True,"[2.4150528772685447, -1.8648500704258928, 2.027968724824668, -0.6165955527119469, 0.6842025158312721, -0.665682788625477, 0.924238075538153, -0.48689673125371247, 0.3580343238818023, 4.263216662528984, -1.464320137894719, -2.334884838200848, 0.8175708314204084, -1.256164964544426, -0.17591853003876912, 0.32525623803788817, -0.0238649562196705, -1.1568589048549878, -2.0007828045520495, -1.1201026520835444, 0.004326660170403104, 2.207269417184529, -0.807171624385544, -1.0287895557374434, -0.36839077783691154]",labeled,manual
